[
  {
    "id": "1e3f7056-8269-4664-a6e2-e0aa71576233",
    "data": [
      {
        "text": "fawsdgvboeadfb",
        "userDefined": false
      }
    ],
    "isTemplate": false,
    "count": 0,
    "lang": "es",
    "updated": 0
  },
  {
    "id": "af01b1e8-7faf-4212-b226-8c0300363ef8",
    "data": [
      {
        "text": "no",
        "userDefined": false
      }
    ],
    "isTemplate": false,
    "count": 0,
    "lang": "es",
    "updated": 0
  },
  {
    "id": "1a4e6a16-da44-4dc5-8659-e511dd452379",
    "data": [
      {
        "text": "perro",
        "userDefined": false
      }
    ],
    "isTemplate": false,
    "count": 0,
    "lang": "es",
    "updated": 0
  }
]